<?xml version="1.0" encoding="UTF-8" standalone="no"?>
<ie:CD501C xmlns:ie="http://ecs.dgtaxud.ec">
    <messageSender>NECA.BE</messageSender>
    <messageRecipient>NECA.AT</messageRecipient>
    <preparationDateAndTime>2023-06-05T10:23:56</preparationDateAndTime>
    <messageIdentification>13tVNQ27bnkO6L</messageIdentification>
    <messageType>CD501C</messageType>
    <ExportOperation>
        <MRN>23BECC0000010003A9</MRN>
        <declarationType>CO</declarationType>
        <additionalDeclarationType>A</additionalDeclarationType>
        <declarationSubmissionDateAndTime>2023-06-05T10:23:56</declarationSubmissionDateAndTime>
        <declarationAcceptanceDate>2023-06-05</declarationAcceptanceDate>
        <releaseDate>2023-06-05</releaseDate>
        <security>0</security>
    </ExportOperation>
    <CustomsOfficeOfExport>
        <referenceNumber>BE101000</referenceNumber>
    </CustomsOfficeOfExport>
    <CustomsOfficeOfExitDeclared>
        <referenceNumber>AT600201</referenceNumber>
    </CustomsOfficeOfExitDeclared>
    <Exporter>
        <identificationNumber>DE656942311</identificationNumber>
        <name>Robert</name>
        <Address>
            <streetAndNumber>Mainala 23</streetAndNumber>
            <postcode>15452</postcode>
            <city>Athens</city>
            <country>BE</country>
        </Address>
    </Exporter>
    <ControlResult>
        <code>A1</code>
        <date>2023-09-05</date>
        <text>No control</text>
    </ControlResult>
    <CurrencyExchange>
        <internalCurrencyUnit>EUR</internalCurrencyUnit>
    </CurrencyExchange>
    <RiskAnalysisIdentification>
        <code>N</code>
    </RiskAnalysisIdentification>
    <GoodsShipment>
        <countryOfDestination>AT</countryOfDestination>
        <PreviousDocument>
            <sequenceNumber>1</sequenceNumber>
            <type>N270</type>
            <referenceNumber>144ICCV773226M</referenceNumber>
        </PreviousDocument>
        <SupportingDocument>
            <sequenceNumber>1</sequenceNumber>
            <type>A008</type>
            <referenceNumber>OHAA32</referenceNumber>
            <documentLineItemNumber>1</documentLineItemNumber>
            <issuingAuthorityName>Poland</issuingAuthorityName>
            <validityDate>2023-09-05</validityDate>
        </SupportingDocument>
        <AdditionalReference>
            <sequenceNumber>1</sequenceNumber>
            <type>Y924</type>
            <referenceNumber>DE1234567</referenceNumber>
        </AdditionalReference>
        <AdditionalInformation>
            <sequenceNumber>1</sequenceNumber>
            <code>30300</code>
            <text>Dual backloaded full range and Sensitive tube bulb</text>
        </AdditionalInformation>
        <Consignment>
            <containerIndicator>0</containerIndicator>
            <inlandModeOfTransport>1</inlandModeOfTransport>
            <modeOfTransportAtTheBorder>2</modeOfTransportAtTheBorder>
            <grossMass>420</grossMass>
            <DepartureTransportMeans>
                <sequenceNumber>1</sequenceNumber>
                <typeOfIdentification>10</typeOfIdentification>
                <identificationNumber>LKW52</identificationNumber>
                <nationality>CZ</nationality>
            </DepartureTransportMeans>
            <CountryOfRoutingOfConsignment>
                <sequenceNumber>1</sequenceNumber>
                <country>DE</country>
            </CountryOfRoutingOfConsignment>
            <ActiveBorderTransportMeans>
                <typeOfIdentification>21</typeOfIdentification>
                <identificationNumber>BE</identificationNumber>
                <nationality>CY</nationality>
            </ActiveBorderTransportMeans>
        </Consignment>
        <GoodsItem>
            <declarationGoodsItemNumber>1</declarationGoodsItemNumber>
            <statisticalValue>1234.56</statisticalValue>
            <countryOfExport>BE</countryOfExport>
            <referenceNumberUCR>AB45612312345C</referenceNumberUCR>
            <Procedure>
                <requestedProcedure>11</requestedProcedure>
                <previousProcedure>00</previousProcedure>
            </Procedure>
            <Consignee>
                <identificationNumber>IL246803</identificationNumber>
                <name>KERAMAG AG</name>
                <Address>
                    <streetAndNumber>Via Manzoni 6</streetAndNumber>
                    <postcode>10200</postcode>
                    <city>Milano</city>
                    <country>BE</country>
                </Address>
            </Consignee>
            <AdditionalSupplyChainActor>
                <sequenceNumber>1</sequenceNumber>
                <role>WH</role>
                <identificationNumber>BE1514161211</identificationNumber>
            </AdditionalSupplyChainActor>
            <Commodity>
                <descriptionOfGoods>Excavator Spare Parts</descriptionOfGoods>
                <cusCode>0018896-5</cusCode>
                <CommodityCode>
                    <harmonizedSystemSubHeadingCode>010121</harmonizedSystemSubHeadingCode>
                    <combinedNomenclatureCode>00</combinedNomenclatureCode>
                    <TARICAdditionalCode>
                        <sequenceNumber>1</sequenceNumber>
                        <taricAdditionalCode>0000</taricAdditionalCode>
                    </TARICAdditionalCode>
                </CommodityCode>
                <GoodsMeasure>
                    <grossMass>310</grossMass>
                    <netMass>300</netMass>
                </GoodsMeasure>
            </Commodity>
            <Packaging>
                <sequenceNumber>1</sequenceNumber>
                <typeOfPackages>OC</typeOfPackages>
                <numberOfPackages>16</numberOfPackages>
                <shippingMarks>Mark1</shippingMarks>
            </Packaging>
            <TransportCharges>
                <methodOfPayment>B</methodOfPayment>
            </TransportCharges>
        </GoodsItem>
        <GoodsItem>
            <declarationGoodsItemNumber>2</declarationGoodsItemNumber>
            <statisticalValue>4321.56</statisticalValue>
            <countryOfExport>DE</countryOfExport>
            <referenceNumberUCR>AC96512312568B</referenceNumberUCR>
            <Procedure>
                <requestedProcedure>21</requestedProcedure>
                <previousProcedure>00</previousProcedure>
            </Procedure>
            <Consignee>
                <identificationNumber>BE123410</identificationNumber>
                <name>John</name>
                <Address>
                    <streetAndNumber>Mainala 38</streetAndNumber>
                    <postcode>14745</postcode>
                    <city>Rome</city>
                    <country>BE</country>
                </Address>
            </Consignee>
            <AdditionalSupplyChainActor>
                <sequenceNumber>1</sequenceNumber>
                <role>FW</role>
                <identificationNumber>BE1514161212</identificationNumber>
            </AdditionalSupplyChainActor>
            <Commodity>
                <descriptionOfGoods>Truck Spare Parts</descriptionOfGoods>
                <cusCode>0018113-5</cusCode>
                <CommodityCode>
                    <harmonizedSystemSubHeadingCode>010129</harmonizedSystemSubHeadingCode>
                    <combinedNomenclatureCode>00</combinedNomenclatureCode>
                    <TARICAdditionalCode>
                        <sequenceNumber>1</sequenceNumber>
                        <taricAdditionalCode>0000</taricAdditionalCode>
                    </TARICAdditionalCode>
                </CommodityCode>
                <DangerousGoods>
                    <sequenceNumber>1</sequenceNumber>
                    <UNNumber>0005</UNNumber>
                </DangerousGoods>
                <GoodsMeasure>
                    <grossMass>110</grossMass>
                    <netMass>100</netMass>
                </GoodsMeasure>
            </Commodity>
            <Packaging>
                <sequenceNumber>1</sequenceNumber>
                <typeOfPackages>VO</typeOfPackages>
                <shippingMarks>Mark2</shippingMarks>
            </Packaging>
            <TransportCharges>
                <methodOfPayment>C</methodOfPayment>
            </TransportCharges>
        </GoodsItem>
    </GoodsShipment>
</ie:CD501C>
