<?xml version="1.0" encoding="UTF-8" standalone="no"?>
<ie:CD518C xmlns:ie="http://ecs.dgtaxud.ec">
    <messageSender>NECA.AT</messageSender>
    <messageRecipient>NECA.BE</messageRecipient>
    <preparationDateAndTime>2023-06-05T10:23:56</preparationDateAndTime>
    <messageIdentification>13tVNPXEaYli26</messageIdentification>
    <messageType>CD518C</messageType>
    <ExportOperation>
        <MRN>23BECC0000010003A9</MRN>
        <otherThingsToReport>Some things reported here</otherThingsToReport>
        <transit>0</transit>
    </ExportOperation>
    <CustomsOfficeOfExport>
        <referenceNumber>BE101000</referenceNumber>
    </CustomsOfficeOfExport>
    <CustomsOfficeOfExitActual>
        <referenceNumber>AT600201</referenceNumber>
    </CustomsOfficeOfExitActual>
    <ExitControlResult>
        <code>A1</code>
        <exitDate>2023-06-05</exitDate>
    </ExitControlResult>
</ie:CD518C>
